Workbook

Sheet 使い方
A1: MEO対策クライアント管理シート 使い方
A3: 有料CRMツールを使わずにクライアント管理を行うための無料の自作シートです。
A5: 【使い方】
A6: 1. 「顧客一覧」シートに新規契約が決まったら1行追加する（青字セルが入力例）。
A7: 2. 契約終了日を入れると「残り日数」が自動計算され、30日以内はオレンジ、期限切れはピンクで表示される。
A8: 3. ステータス・GBPアクセス権はプルダウンから選択する。
A9: 4. 「サマリー」シートでステータス別件数と契約中の合計月額（MRR）が自動集計される。
A11: 【運用の目安】
A12: ・案件が20件を超えて対応漏れが増えてきたら、有料CRM（HubSpot無料枠等）への移行を検討してください。
A13: （docs/meo-tools-comparison.md を参照）

Sheet 顧客一覧
A1: No | B1: 店舗名/会社名 | C1: 業種 | D1: 担当者名 | E1: 電話番号 | F1: メールアドレス | G1: プラン | H1: 月額料金 | I1: 契約開始日 | J1: 契約終了日 | K1: 残り日数 | L1: ステータス | M1: GBPアクセス権 | N1: 次のアクション | O1: 備考
A2: 1 | B2: 【サンプル）渋谷店】 | C2: 飲食 | D2: 田中様 | E2: 03-0000-0000 | F2: tanaka@example.com | G2: スタンダード | H2: 30000 | I2: 46174 | J2: 46265 | K2: =IF(J2="","",J2-TODAY()) -> 27 | L2: 契約中 | M2: あり | N2: 月次レポート送付 | O2: 口コミ返信を毎週実施
A3: 2 | B3: 【サンプル）新宿店】 | C3: 美容室 | D3: 佐藤様 | E3: 03-1111-1111 | F3: sato@example.com | G3: ライト | H3: 15000 | I3: 46143 | J3: 46234 | K3: =IF(J3="","",J3-TODAY()) -> -4 | L3: 商談中 | M3: なし | N3: 見積り再送 | O3: 初回ヒアリング済み
K4: =IF(J4="","",J4-TODAY())
K5: =IF(J5="","",J5-TODAY())
K6: =IF(J6="","",J6-TODAY())
K7: =IF(J7="","",J7-TODAY())
K8: =IF(J8="","",J8-TODAY())
K9: =IF(J9="","",J9-TODAY())
K10: =IF(J10="","",J10-TODAY())
K11: =IF(J11="","",J11-TODAY())
K12: =IF(J12="","",J12-TODAY())
K13: =IF(J13="","",J13-TODAY())
K14: =IF(J14="","",J14-TODAY())
K15: =IF(J15="","",J15-TODAY())
... K39: =IF(J39="","",J39-TODAY())

Sheet サマリー
A1: クライアント状況サマリー
A3: 商談中の件数 | B3: =COUNTIF(顧客一覧!L:L,"商談中") -> 1
A4: 契約中の件数 | B4: =COUNTIF(顧客一覧!L:L,"契約中") -> 1
A5: 休止の件数 | B5: =COUNTIF(顧客一覧!L:L,"休止") -> 0
A6: 解約の件数 | B6: =COUNTIF(顧客一覧!L:L,"解約") -> 0
A7: 契約中の合計月額（MRR） | B7: =SUMIF(顧客一覧!L:L,"契約中",顧客一覧!H:H) -> 30000
A8: 30日以内に契約終了を迎える契約中の件数 | B8: =COUNTIFS(顧客一覧!L:L,"契約中",顧客一覧!K:K,">=0",顧客一覧!K:K,"<=30") -> 1
