Workbook

Sheet 使い方
A1: MEO順位計測シート 使い方
A3: このシートは、有料の順位計測ツールを使わずにGoogleマップの検索順位を記録するための無料の自作ツールです。
A5: 【計測手順】
A6: 1. スマートフォンまたはPCでシークレットウィンドウ（プライベートブラウズ）を開く。
A7: 2. Googleマップで対象エリアまでスクロール・拡大縮小し、検索位置を合わせてから「エリア名＋業種」等のキーワードで検索する。
A8: 3. 「順位記録」シートに、計測日・店舗名・キーワード・順位を入力する（青字のセルが入力例です。同じ形式で追記してください）。
A9: 4. 週1回など、決まった頻度で継続することで推移が見えるようになります。
A11: 【シート構成】
A12: ・順位記録：計測データを入力する台帳（下へ追記していく）
A13: ・店舗別サマリー：店舗×キーワードごとの直近30日平均順位を自動集計（数式のみ、手入力不要）
A14: ・推移グラフ：入力例データをもとにしたグラフの見本（データが増えたら参照範囲を広げてください）
A16: 【注意】
... A19: （docs/meo-tools-comparison.md を参照）

Sheet 順位記録
A1: 計測日 | B1: 店舗名 | C1: 検索キーワード | D1: 検索方法（端末/エリア設定） | E1: ローカルパック順位（1-3圏外は99） | F1: マップ内順位 | G1: 備考
A2: 46210 | B2: 【サンプル）渋谷店】 | C2: 渋谷 カフェ | D2: スマホ・シークレット | E2: 5 | F2: 6 | G2: 初回計測
A3: 46217 | B3: 【サンプル）渋谷店】 | C3: 渋谷 カフェ | D3: スマホ・シークレット | E3: 4 | F3: 5 | G3: 口コミ2件追加
A4: 46224 | B4: 【サンプル）渋谷店】 | C4: 渋谷 カフェ | D4: スマホ・シークレット | E4: 3 | F4: 4 | G4: 投稿1件
A5: 46231 | B5: 【サンプル）渋谷店】 | C5: 渋谷 カフェ | D5: スマホ・シークレット | E5: 3 | F5: 3

Sheet 店舗別サマリー
A1: 店舗名 | B1: 検索キーワード | C1: 直近30日 平均順位（ローカルパック） | D1: 直近30日 平均順位（マップ内） | E1: 直近30日 計測件数
A2: 【サンプル）渋谷店】 | B2: 渋谷 カフェ | C2: =IFERROR(AVERAGEIFS(順位記録!$E:$E,順位記録!$B:$B,A2,順位記録!$C:$C,B2,順位記録!$A:$A,">="&TODAY()-30),"-") -> 3.75 | D2: =IFERROR(AVERAGEIFS(順位記録!$F:$F,順位記録!$B:$B,A2,順位記録!$C:$C,B2,順位記録!$A:$A,">="&TODAY()-30),"-") -> 4.5 | E2: =COUNTIFS(順位記録!$B:$B,A2,順位記録!$C:$C,B2,順位記録!$A:$A,">="&TODAY()-30) -> 4
C3: =IFERROR(AVERAGEIFS(順位記録!$E:$E,順位記録!$B:$B,A3,順位記録!$C:$C,B3,順位記録!$A:$A,">="&TODAY()-30),"-") -> - | D3: =IFERROR(AVERAGEIFS(順位記録!$F:$F,順位記録!$B:$B,A3,順位記録!$C:$C,B3,順位記録!$A:$A,">="&TODAY()-30),"-") -> - | E3: =COUNTIFS(順位記録!$B:$B,A3,順位記録!$C:$C,B3,順位記録!$A:$A,">="&TODAY()-30) -> 0
C4: =IFERROR(AVERAGEIFS(順位記録!$E:$E,順位記録!$B:$B,A4,順位記録!$C:$C,B4,順位記録!$A:$A,">="&TODAY()-30),"-") -> - | D4: =IFERROR(AVERAGEIFS(順位記録!$F:$F,順位記録!$B:$B,A4,順位記録!$C:$C,B4,順位記録!$A:$A,">="&TODAY()-30),"-") -> - | E4: =COUNTIFS(順位記録!$B:$B,A4,順位記録!$C:$C,B4,順位記録!$A:$A,">="&TODAY()-30) -> 0
C5: =IFERROR(AVERAGEIFS(順位記録!$E:$E,順位記録!$B:$B,A5,順位記録!$C:$C,B5,順位記録!$A:$A,">="&TODAY()-30),"-") -> - | D5: =IFERROR(AVERAGEIFS(順位記録!$F:$F,順位記録!$B:$B,A5,順位記録!$C:$C,B5,順位記録!$A:$A,">="&TODAY()-30),"-") -> - | E5: =COUNTIFS(順位記録!$B:$B,A5,順位記録!$C:$C,B5,順位記録!$A:$A,">="&TODAY()-30) -> 0
C6: =IFERROR(AVERAGEIFS(順位記録!$E:$E,順位記録!$B:$B,A6,順位記録!$C:$C,B6,順位記録!$A:$A,">="&TODAY()-30),"-") -> - | D6: =IFERROR(AVERAGEIFS(順位記録!$F:$F,順位記録!$B:$B,A6,順位記録!$C:$C,B6,順位記録!$A:$A,">="&TODAY()-30),"-") -> - | E6: =COUNTIFS(順位記録!$B:$B,A6,順位記録!$C:$C,B6,順位記録!$A:$A,">="&TODAY()-30) -> 0
C7: =IFERROR(AVERAGEIFS(順位記録!$E:$E,順位記録!$B:$B,A7,順位記録!$C:$C,B7,順位記録!$A:$A,">="&TODAY()-30),"-") -> - | D7: =IFERROR(AVERAGEIFS(順位記録!$F:$F,順位記録!$B:$B,A7,順位記録!$C:$C,B7,順位記録!$A:$A,">="&TODAY()-30),"-") -> - | E7: =COUNTIFS(順位記録!$B:$B,A7,順位記録!$C:$C,B7,順位記録!$A:$A,">="&TODAY()-30) -> 0
C8: =IFERROR(AVERAGEIFS(順位記録!$E:$E,順位記録!$B:$B,A8,順位記録!$C:$C,B8,順位記録!$A:$A,">="&TODAY()-30),"-") -> - | D8: =IFERROR(AVERAGEIFS(順位記録!$F:$F,順位記録!$B:$B,A8,順位記録!$C:$C,B8,順位記録!$A:$A,">="&TODAY()-30),"-") -> - | E8: =COUNTIFS(順位記録!$B:$B,A8,順位記録!$C:$C,B8,順位記録!$A:$A,">="&TODAY()-30) -> 0
C9: =IFERROR(AVERAGEIFS(順位記録!$E:$E,順位記録!$B:$B,A9,順位記録!$C:$C,B9,順位記録!$A:$A,">="&TODAY()-30),"-") -> - | D9: =IFERROR(AVERAGEIFS(順位記録!$F:$F,順位記録!$B:$B,A9,順位記録!$C:$C,B9,順位記録!$A:$A,">="&TODAY()-30),"-") -> - | E9: =COUNTIFS(順位記録!$B:$B,A9,順位記録!$C:$C,B9,順位記録!$A:$A,">="&TODAY()-30) -> 0
C10: =IFERROR(AVERAGEIFS(順位記録!$E:$E,順位記録!$B:$B,A10,順位記録!$C:$C,B10,順位記録!$A:$A,">="&TODAY()-30),"-") -> - | D10: =IFERROR(AVERAGEIFS(順位記録!$F:$F,順位記録!$B:$B,A10,順位記録!$C:$C,B10,順位記録!$A:$A,">="&TODAY()-30),"-") -> - | E10: =COUNTIFS(順位記録!$B:$B,A10,順位記録!$C:$C,B10,順位記録!$A:$A,">="&TODAY()-30) -> 0
C11: =IFERROR(AVERAGEIFS(順位記録!$E:$E,順位記録!$B:$B,A11,順位記録!$C:$C,B11,順位記録!$A:$A,">="&TODAY()-30),"-") -> - | D11: =IFERROR(AVERAGEIFS(順位記録!$F:$F,順位記録!$B:$B,A11,順位記録!$C:$C,B11,順位記録!$A:$A,">="&TODAY()-30),"-") -> - | E11: =COUNTIFS(順位記録!$B:$B,A11,順位記録!$C:$C,B11,順位記録!$A:$A,">="&TODAY()-30) -> 0
A14: ※ 「店舗名」「検索キーワード」欄（青字）に、順位記録シートと同じ表記で入力すると自動集計されます。

Sheet 推移グラフ
A1: サンプル店舗の順位推移（見本）
A3: 計測日 | B3: ローカルパック順位 | C3: マップ内順位
A4: =順位記録!A2 -> 46210 | B4: =順位記録!E2 -> 5 | C4: =順位記録!F2 -> 6
A5: =順位記録!A3 -> 46217 | B5: =順位記録!E3 -> 4 | C5: =順位記録!F3 -> 5
A6: =順位記録!A4 -> 46224 | B6: =順位記録!E4 -> 3 | C6: =順位記録!F4 -> 4
A7: =順位記録!A5 -> 46231 | B7: =順位記録!E5 -> 3 | C7: =順位記録!F5 -> 3
A10: ※ データが増えたら、上の表とグラフの参照範囲（行）を広げてください。
